079,Marsden Point,35°50'S,174°30'E                                          
Based on constituent set with reference date:,01-Jan-2016
Local Std or Daylight Time,Tidal heights in metres.
1,Th,1,2026,06:01,2.5,12:06,0.8,18:15,2.5,,
2,Fr,1,2026,00:35,0.6,07:03,2.6,13:08,0.7,19:18,2.6
3,Sa,1,2026,01:34,0.5,08:01,2.7,14:08,0.7,20:18,2.6
4,Su,1,2026,02:30,0.4,08:56,2.8,15:05,0.6,21:15,2.7
5,Mo,1,2026,03:24,0.4,09:49,2.9,15:59,0.6,22:09,2.7
6,Tu,1,2026,04:15,0.4,10:39,2.9,16:51,0.6,23:01,2.7
7,We,1,2026,05:04,0.5,11:28,2.8,17:42,0.6,23:50,2.6
8,Th,1,2026,05:52,0.5,12:15,2.8,18:30,0.6,,
9,Fr,1,2026,00:38,2.6,06:39,0.6,13:01,2.7,19:18,0.7
10,Sa,1,2026,01:26,2.5,07:27,0.8,13:47,2.6,20:05,0.8
11,Su,1,2026,02:16,2.4,08:16,0.9,14:32,2.5,20:53,0.8
12,Mo,1,2026,03:08,2.3,09:09,1.0,15:19,2.4,21:42,0.9
13,Tu,1,2026,04:03,2.3,10:04,1.1,16:09,2.3,22:34,0.9
14,We,1,2026,05:01,2.3,11:01,1.1,17:02,2.3,23:28,0.9
15,Th,1,2026,05:58,2.3,11:57,1.1,17:56,2.2,,
16,Fr,1,2026,00:21,0.9,06:50,2.3,12:49,1.1,18:50,2.3
17,Sa,1,2026,01:10,0.9,07:38,2.4,13:38,1.0,19:39,2.3
18,Su,1,2026,01:56,0.8,08:21,2.5,14:23,1.0,20:26,2.3
19,Mo,1,2026,02:38,0.8,09:02,2.5,15:06,0.9,21:09,2.4
20,Tu,1,2026,03:19,0.7,09:42,2.6,15:48,0.8,21:51,2.5
21,We,1,2026,03:58,0.7,10:21,2.6,16:29,0.8,22:33,2.5
22,Th,1,2026,04:37,0.6,11:01,2.7,17:10,0.7,23:15,2.5
23,Fr,1,2026,05:18,0.6,11:41,2.7,17:53,0.7,23:59,2.5
24,Sa,1,2026,06:00,0.7,12:23,2.7,18:37,0.7,,
25,Su,1,2026,00:44,2.5,06:46,0.7,13:08,2.7,19:23,0.7
26,Mo,1,2026,01:34,2.5,07:36,0.8,13:56,2.6,20:12,0.7
27,Tu,1,2026,02:28,2.5,08:32,0.9,14:49,2.6,21:07,0.7
28,We,1,2026,03:29,2.5,09:35,0.9,15:48,2.5,22:08,0.7
29,Th,1,2026,04:35,2.5,10:42,0.9,16:52,2.5,23:13,0.7
30,Fr,1,2026,05:43,2.5,11:50,0.9,18:00,2.5,,
31,Sa,1,2026,00:17,0.7,06:47,2.6,12:54,0.8,19:05,2.5
1,Su,2,2026,01:18,0.6,07:46,2.7,13:54,0.7,20:06,2.6
2,Mo,2,2026,02:15,0.5,08:41,2.8,14:50,0.7,21:02,2.7
3,Tu,2,2026,03:07,0.5,09:31,2.8,15:42,0.6,21:53,2.7
4,We,2,2026,03:56,0.5,10:18,2.8,16:30,0.6,22:41,2.7
5,Th,2,2026,04:42,0.5,11:03,2.8,17:16,0.6,23:26,2.7
6,Fr,2,2026,05:26,0.6,11:46,2.7,18:00,0.6,,
7,Sa,2,2026,00:10,2.6,06:09,0.7,12:27,2.7,18:42,0.7
8,Su,2,2026,00:53,2.5,06:53,0.8,13:07,2.6,19:24,0.8
9,Mo,2,2026,01:36,2.4,07:38,0.9,13:48,2.5,20:07,0.9
10,Tu,2,2026,02:23,2.4,08:26,1.0,14:32,2.4,20:53,0.9
11,We,2,2026,03:15,2.3,09:20,1.1,15:20,2.3,21:45,1.0
12,Th,2,2026,04:13,2.3,10:17,1.2,16:15,2.2,22:42,1.0
13,Fr,2,2026,05:13,2.3,11:16,1.2,17:14,2.2,23:40,1.0
14,Sa,2,2026,06:11,2.3,12:13,1.1,18:13,2.2,,
15,Su,2,2026,00:35,1.0,07:02,2.4,13:05,1.1,19:08,2.3
16,Mo,2,2026,01:24,0.9,07:48,2.5,13:52,1.0,19:57,2.4
17,Tu,2,2026,02:09,0.8,08:31,2.6,14:37,0.9,20:43,2.5
18,We,2,2026,02:51,0.7,09:12,2.6,15:20,0.8,21:27,2.6
19,Th,2,2026,03:32,0.7,09:53,2.7,16:02,0.7,22:10,2.6
20,Fr,2,2026,04:14,0.6,10:34,2.8,16:45,0.6,22:54,2.7
21,Sa,2,2026,04:56,0.6,11:16,2.8,17:28,0.6,23:39,2.7
22,Su,2,2026,05:41,0.6,12:00,2.8,18:13,0.6,,
23,Mo,2,2026,00:26,2.7,06:29,0.7,12:47,2.7,19:00,0.6
24,Tu,2,2026,01:16,2.6,07:21,0.8,13:37,2.6,19:51,0.7
25,We,2,2026,02:11,2.6,08:19,0.9,14:32,2.5,20:47,0.7
26,Th,2,2026,03:13,2.5,09:23,0.9,15:33,2.5,21:50,0.8
27,Fr,2,2026,04:20,2.5,10:31,1.0,16:40,2.4,22:57,0.8
28,Sa,2,2026,05:28,2.5,11:38,0.9,17:49,2.4,,
1,Su,3,2026,00:03,0.8,06:32,2.6,12:41,0.9,18:54,2.5
2,Mo,3,2026,01:04,0.7,07:29,2.7,13:39,0.8,19:53,2.6
3,Tu,3,2026,01:58,0.6,08:21,2.7,14:32,0.7,20:45,2.6
4,We,3,2026,02:48,0.6,09:09,2.8,15:20,0.6,21:33,2.7
5,Th,3,2026,03:34,0.6,09:53,2.8,16:05,0.6,22:17,2.7
6,Fr,3,2026,04:17,0.6,10:34,2.7,16:47,0.6,22:59,2.7
7,Sa,3,2026,04:59,0.7,11:13,2.7,17:26,0.7,23:39,2.6
8,Su,3,2026,05:39,0.8,11:51,2.6,18:05,0.7,,
9,Mo,3,2026,00:18,2.6,06:20,0.9,12:29,2.5,18:43,0.8
10,Tu,3,2026,00:59,2.5,07:03,1.0,13:09,2.4,19:24,0.9
11,We,3,2026,01:42,2.4,07:48,1.0,13:51,2.3,20:08,1.0
12,Th,3,2026,02:31,2.3,08:39,1.1,14:39,2.3,20:59,1.0
13,Fr,3,2026,03:27,2.3,09:36,1.2,15:33,2.2,21:56,1.1
14,Sa,3,2026,04:27,2.3,10:35,1.2,16:33,2.2,22:57,1.1
15,Su,3,2026,05:26,2.3,11:33,1.1,17:34,2.2,23:55,1.0
16,Mo,3,2026,06:20,2.4,12:27,1.1,18:32,2.3,,
17,Tu,3,2026,00:47,0.9,07:08,2.5,13:16,0.9,19:25,2.4
18,We,3,2026,01:34,0.8,07:54,2.6,14:03,0.8,20:14,2.5
19,Th,3,2026,02:19,0.7,08:38,2.7,14:48,0.7,21:00,2.7
20,Fr,3,2026,03:04,0.7,09:21,2.8,15:33,0.6,21:46,2.7
21,Sa,3,2026,03:49,0.6,10:06,2.8,16:18,0.5,22:33,2.8
22,Su,3,2026,04:36,0.6,10:52,2.8,17:04,0.5,23:20,2.8
23,Mo,3,2026,05:24,0.6,11:40,2.8,17:51,0.5,,
24,Tu,3,2026,00:09,2.8,06:15,0.7,12:30,2.7,18:41,0.6
25,We,3,2026,01:01,2.7,07:10,0.8,13:23,2.6,19:34,0.7
26,Th,3,2026,01:58,2.6,08:10,0.9,14:21,2.5,20:33,0.8
27,Fr,3,2026,03:01,2.6,09:14,0.9,15:24,2.5,21:37,0.8
28,Sa,3,2026,04:07,2.5,10:20,0.9,16:31,2.4,22:43,0.9
29,Su,3,2026,05:12,2.5,11:25,0.9,17:38,2.4,23:47,0.8
30,Mo,3,2026,06:12,2.6,12:25,0.9,18:40,2.5,,
31,Tu,3,2026,00:45,0.8,07:07,2.6,13:19,0.8,19:35,2.6
1,We,4,2026,01:37,0.8,07:56,2.7,14:08,0.7,20:25,2.6
2,Th,4,2026,02:25,0.7,08:41,2.7,14:53,0.7,21:10,2.7
3,Fr,4,2026,03:09,0.7,09:23,2.7,15:35,0.7,21:51,2.7
4,Sa,4,2026,03:51,0.8,10:02,2.6,16:14,0.7,22:31,2.7
5,Su,4,2026,03:31,0.8,09:40,2.6,15:52,0.7,22:09,2.6
6,Mo,4,2026,04:10,0.8,10:17,2.5,16:29,0.8,22:46,2.6
7,Tu,4,2026,04:50,0.9,10:55,2.5,17:06,0.8,23:25,2.5
8,We,4,2026,05:32,1.0,11:35,2.4,17:46,0.9,,
9,Th,4,2026,00:08,2.4,06:17,1.0,12:18,2.3,18:30,1.0
10,Fr,4,2026,00:55,2.4,07:06,1.1,13:05,2.3,19:19,1.0
11,Sa,4,2026,01:47,2.3,07:59,1.1,13:58,2.3,20:14,1.1
12,Su,4,2026,02:43,2.3,08:55,1.1,14:56,2.2,21:13,1.1
13,Mo,4,2026,03:40,2.4,09:52,1.1,15:56,2.3,22:11,1.0
14,Tu,4,2026,04:34,2.4,10:46,1.0,16:55,2.4,23:06,0.9
15,We,4,2026,05:25,2.5,11:38,0.9,17:51,2.5,23:58,0.8
16,Th,4,2026,06:14,2.6,12:27,0.7,18:43,2.6,,
17,Fr,4,2026,00:47,0.7,07:02,2.7,13:16,0.6,19:33,2.7
18,Sa,4,2026,01:37,0.7,07:51,2.8,14:04,0.5,20:23,2.8
19,Su,4,2026,02:26,0.6,08:40,2.8,14:52,0.4,21:12,2.9
20,Mo,4,2026,03:17,0.6,09:30,2.8,15:41,0.4,22:02,2.9
21,Tu,4,2026,04:09,0.6,10:22,2.8,16:32,0.5,22:54,2.9
22,We,4,2026,05:04,0.7,11:16,2.7,17:24,0.6,23:48,2.8
23,Th,4,2026,06:01,0.8,12:11,2.6,18:20,0.7,,
24,Fr,4,2026,00:46,2.7,07:01,0.8,13:10,2.5,19:19,0.8
25,Sa,4,2026,01:47,2.6,08:03,0.9,14:13,2.5,20:21,0.8
26,Su,4,2026,02:49,2.6,09:05,0.9,15:18,2.4,21:24,0.9
27,Mo,4,2026,03:50,2.6,10:05,0.9,16:21,2.4,22:25,0.9
28,Tu,4,2026,04:46,2.6,11:01,0.8,17:20,2.5,23:21,0.9
29,We,4,2026,05:38,2.6,11:53,0.8,18:13,2.5,,
30,Th,4,2026,00:12,0.9,06:26,2.6,12:40,0.7,19:00,2.6
1,Fr,5,2026,00:59,0.8,07:10,2.6,13:23,0.7,19:44,2.6
2,Sa,5,2026,01:42,0.8,07:51,2.6,14:04,0.7,20:24,2.6
3,Su,5,2026,02:24,0.9,08:31,2.5,14:43,0.7,21:03,2.6
4,Mo,5,2026,03:04,0.9,09:09,2.5,15:20,0.8,21:40,2.6
5,Tu,5,2026,03:44,0.9,09:47,2.5,15:57,0.8,22:18,2.6
6,We,5,2026,04:24,0.9,10:26,2.4,16:35,0.8,22:57,2.5
7,Th,5,2026,05:05,1.0,11:07,2.4,17:15,0.9,23:39,2.5
8,Fr,5,2026,05:49,1.0,11:50,2.3,17:57,0.9,,
9,Sa,5,2026,00:24,2.4,06:36,1.0,12:36,2.3,18:44,1.0
10,Su,5,2026,01:13,2.4,07:26,1.1,13:27,2.3,19:35,1.0
11,Mo,5,2026,02:04,2.4,08:18,1.0,14:21,2.3,20:31,1.0
12,Tu,5,2026,02:56,2.4,09:12,1.0,15:20,2.3,21:29,1.0
13,We,5,2026,03:49,2.5,10:06,0.9,16:20,2.4,22:27,0.9
14,Th,5,2026,04:43,2.6,11:00,0.8,17:18,2.5,23:23,0.9
15,Fr,5,2026,05:36,2.6,11:53,0.6,18:14,2.7,,
16,Sa,5,2026,00:18,0.8,06:29,2.7,12:45,0.5,19:08,2.8
17,Su,5,2026,01:12,0.7,07:23,2.8,13:38,0.5,20:01,2.9
18,Mo,5,2026,02:06,0.6,08:17,2.8,14:30,0.4,20:53,2.9
19,Tu,5,2026,03:00,0.6,09:12,2.8,15:22,0.4,21:46,2.9
20,We,5,2026,03:55,0.6,10:07,2.8,16:15,0.5,22:39,2.9
21,Th,5,2026,04:52,0.6,11:02,2.7,17:08,0.5,23:34,2.8
22,Fr,5,2026,05:49,0.7,11:58,2.6,18:03,0.6,,
23,Sa,5,2026,00:30,2.8,06:46,0.7,12:56,2.5,19:00,0.7
24,Su,5,2026,01:27,2.7,07:45,0.8,13:55,2.5,19:59,0.8
25,Mo,5,2026,02:24,2.6,08:42,0.8,14:56,2.4,20:59,0.9
26,Tu,5,2026,03:20,2.6,09:38,0.8,15:56,2.4,21:57,0.9
27,We,5,2026,04:13,2.5,10:31,0.8,16:53,2.5,22:52,0.9
28,Th,5,2026,05:04,2.5,11:21,0.8,17:45,2.5,23:43,0.9
29,Fr,5,2026,05:52,2.5,12:08,0.8,18:33,2.5,,
30,Sa,5,2026,00:31,0.9,06:37,2.4,12:52,0.8,19:16,2.6
31,Su,5,2026,01:15,0.9,07:20,2.4,13:34,0.8,19:57,2.6
1,Mo,6,2026,01:58,0.9,08:01,2.4,14:13,0.8,20:36,2.6
2,Tu,6,2026,02:39,0.9,08:41,2.4,14:52,0.8,21:15,2.6
3,We,6,2026,03:19,0.9,09:21,2.4,15:30,0.8,21:53,2.6
4,Th,6,2026,04:00,0.9,10:01,2.4,16:09,0.8,22:32,2.5
5,Fr,6,2026,04:41,0.9,10:42,2.4,16:48,0.8,23:13,2.5
6,Sa,6,2026,05:24,1.0,11:25,2.4,17:29,0.9,23:56,2.5
7,Su,6,2026,06:08,1.0,12:09,2.3,18:13,0.9,,
8,Mo,6,2026,00:41,2.5,06:55,0.9,12:58,2.3,19:01,0.9
9,Tu,6,2026,01:28,2.5,07:43,0.9,13:50,2.3,19:54,1.0
10,We,6,2026,02:17,2.5,08:35,0.9,14:47,2.4,20:52,1.0
11,Th,6,2026,03:10,2.5,09:29,0.8,15:48,2.4,21:53,0.9
12,Fr,6,2026,04:06,2.6,10:26,0.7,16:49,2.5,22:53,0.9
13,Sa,6,2026,05:04,2.6,11:23,0.6,17:48,2.7,23:53,0.8
14,Su,6,2026,06:03,2.7,12:20,0.5,18:46,2.8,,
15,Mo,6,2026,00:51,0.7,07:02,2.7,13:16,0.4,19:42,2.9
16,Tu,6,2026,01:49,0.6,08:00,2.7,14:11,0.4,20:36,2.9
17,We,6,2026,02:45,0.6,08:56,2.8,15:05,0.4,21:29,2.9
18,Th,6,2026,03:41,0.6,09:52,2.7,15:57,0.4,22:22,2.9
19,Fr,6,2026,04:36,0.6,10:46,2.7,16:50,0.5,23:15,2.9
20,Sa,6,2026,05:30,0.6,11:40,2.6,17:43,0.6,,
21,Su,6,2026,00:07,2.8,06:24,0.7,12:34,2.6,18:36,0.7
22,Mo,6,2026,00:59,2.7,07:17,0.7,13:29,2.5,19:31,0.8
23,Tu,6,2026,01:51,2.6,08:10,0.8,14:26,2.4,20:27,0.9
24,We,6,2026,02:43,2.5,09:03,0.8,15:23,2.4,21:24,1.0
25,Th,6,2026,03:34,2.4,09:54,0.8,16:19,2.4,22:19,1.0
26,Fr,6,2026,04:25,2.4,10:45,0.8,17:13,2.4,23:12,1.0
27,Sa,6,2026,05:16,2.3,11:35,0.8,18:02,2.4,,
28,Su,6,2026,00:02,1.0,06:05,2.3,12:21,0.8,18:48,2.5
29,Mo,6,2026,00:48,1.0,06:51,2.3,13:06,0.8,19:31,2.5
30,Tu,6,2026,01:33,1.0,07:35,2.4,13:47,0.8,20:11,2.5
1,We,7,2026,02:15,0.9,08:17,2.4,14:27,0.8,20:50,2.6
2,Th,7,2026,02:56,0.9,08:57,2.4,15:05,0.7,21:28,2.6
3,Fr,7,2026,03:36,0.9,09:38,2.4,15:43,0.7,22:07,2.6
4,Sa,7,2026,04:17,0.9,10:18,2.4,16:22,0.8,22:46,2.6
5,Su,7,2026,04:58,0.8,11:00,2.4,17:02,0.8,23:27,2.6
6,Mo,7,2026,05:40,0.8,11:44,2.4,17:45,0.8,,
7,Tu,7,2026,00:10,2.6,06:24,0.8,12:31,2.4,18:32,0.9
8,We,7,2026,00:55,2.5,07:11,0.8,13:22,2.4,19:24,0.9
9,Th,7,2026,01:44,2.5,08:02,0.7,14:19,2.4,20:23,0.9
10,Fr,7,2026,02:38,2.5,08:58,0.7,15:21,2.5,21:26,0.9
11,Sa,7,2026,03:37,2.5,09:58,0.7,16:25,2.5,22:31,0.9
12,Su,7,2026,04:40,2.5,11:00,0.6,17:28,2.6,23:35,0.8
13,Mo,7,2026,05:44,2.6,12:01,0.5,18:28,2.7,,
14,Tu,7,2026,00:35,0.7,06:46,2.6,12:59,0.5,19:25,2.8
15,We,7,2026,01:34,0.6,07:45,2.7,13:54,0.4,20:19,2.9
16,Th,7,2026,02:30,0.6,08:41,2.7,14:47,0.4,21:11,2.9
17,Fr,7,2026,03:24,0.5,09:35,2.7,15:38,0.4,22:02,2.9
18,Sa,7,2026,04:16,0.5,10:26,2.7,16:28,0.5,22:51,2.8
19,Su,7,2026,05:06,0.5,11:16,2.6,17:17,0.6,23:39,2.8
20,Mo,7,2026,05:55,0.6,12:06,2.6,18:07,0.7,,
21,Tu,7,2026,00:26,2.6,06:43,0.7,12:56,2.5,18:58,0.8
22,We,7,2026,01:13,2.5,07:31,0.7,13:48,2.4,19:51,0.9
23,Th,7,2026,02:01,2.4,08:21,0.8,14:43,2.3,20:46,1.0
24,Fr,7,2026,02:51,2.3,09:13,0.9,15:40,2.3,21:43,1.0
25,Sa,7,2026,03:45,2.3,10:07,0.9,16:37,2.3,22:39,1.1
26,Su,7,2026,04:39,2.2,11:01,0.9,17:30,2.4,23:32,1.0
27,Mo,7,2026,05:33,2.3,11:52,0.9,18:19,2.4,,
28,Tu,7,2026,00:21,1.0,06:23,2.3,12:38,0.8,19:03,2.5
29,We,7,2026,01:06,0.9,07:09,2.3,13:21,0.8,19:44,2.5
30,Th,7,2026,01:49,0.9,07:52,2.4,14:01,0.7,20:23,2.6
31,Fr,7,2026,02:30,0.8,08:33,2.4,14:40,0.7,21:01,2.6
1,Sa,8,2026,03:10,0.8,09:14,2.5,15:18,0.7,21:39,2.6
2,Su,8,2026,03:49,0.7,09:54,2.5,15:56,0.7,22:18,2.6
3,Mo,8,2026,04:30,0.7,10:36,2.5,16:37,0.7,22:58,2.6
4,Tu,8,2026,05:11,0.7,11:20,2.5,17:20,0.7,23:41,2.6
5,We,8,2026,05:55,0.7,12:07,2.5,18:08,0.8,,
6,Th,8,2026,00:27,2.6,06:42,0.7,12:58,2.5,19:02,0.8
7,Fr,8,2026,01:18,2.5,07:35,0.7,13:56,2.4,20:02,0.9
8,Sa,8,2026,02:15,2.5,08:34,0.7,15:00,2.4,21:08,0.9
9,Su,8,2026,03:18,2.4,09:37,0.7,16:07,2.5,22:16,0.9
10,Mo,8,2026,04:25,2.5,10:43,0.6,17:12,2.6,23:21,0.8
11,Tu,8,2026,05:32,2.5,11:45,0.6,18:13,2.7,,
12,We,8,2026,00:22,0.7,06:34,2.6,12:44,0.5,19:09,2.8
13,Th,8,2026,01:19,0.6,07:32,2.7,13:38,0.4,20:01,2.8
14,Fr,8,2026,02:12,0.5,08:25,2.7,14:28,0.4,20:50,2.9
15,Sa,8,2026,03:03,0.5,09:15,2.7,15:17,0.4,21:37,2.8
16,Su,8,2026,03:50,0.5,10:03,2.7,16:03,0.5,22:22,2.8
17,Mo,8,2026,04:36,0.5,10:48,2.7,16:49,0.6,23:06,2.7
18,Tu,8,2026,05:20,0.6,11:34,2.6,17:35,0.7,23:48,2.6
19,We,8,2026,06:04,0.7,12:19,2.5,18:22,0.8,,
20,Th,8,2026,00:32,2.4,06:49,0.7,13:07,2.4,19:12,0.9
21,Fr,8,2026,01:18,2.3,07:36,0.8,14:00,2.3,20:06,1.0
22,Sa,8,2026,02:07,2.2,08:29,0.9,14:57,2.3,21:04,1.1
23,Su,8,2026,03:02,2.2,09:26,0.9,15:57,2.3,22:03,1.1
24,Mo,8,2026,04:02,2.2,10:24,0.9,16:54,2.3,22:59,1.0
25,Tu,8,2026,05:00,2.2,11:19,0.9,17:45,2.3,23:50,1.0
26,We,8,2026,05:53,2.2,12:08,0.8,18:30,2.4,,
27,Th,8,2026,00:36,0.9,06:41,2.3,12:51,0.8,19:12,2.5
28,Fr,8,2026,01:19,0.8,07:25,2.4,13:32,0.7,19:51,2.6
29,Sa,8,2026,02:00,0.7,08:07,2.5,14:11,0.6,20:30,2.6
30,Su,8,2026,02:40,0.6,08:49,2.5,14:51,0.6,21:09,2.7
31,Mo,8,2026,03:21,0.6,09:31,2.6,15:32,0.6,21:50,2.7
1,Tu,9,2026,04:02,0.5,10:13,2.6,16:15,0.6,22:32,2.7
2,We,9,2026,04:44,0.5,10:58,2.6,17:01,0.7,23:17,2.6
3,Th,9,2026,05:30,0.5,11:47,2.6,17:51,0.7,,
4,Fr,9,2026,00:06,2.5,06:19,0.6,12:40,2.5,18:47,0.8
5,Sa,9,2026,01:00,2.5,07:14,0.7,13:39,2.5,19:50,0.9
6,Su,9,2026,02:00,2.4,08:16,0.7,14:45,2.4,20:57,0.9
7,Mo,9,2026,03:06,2.4,09:22,0.7,15:53,2.5,22:05,0.8
8,Tu,9,2026,04:15,2.4,10:29,0.7,16:58,2.5,23:09,0.8
9,We,9,2026,05:22,2.5,11:31,0.6,17:56,2.6,,
10,Th,9,2026,00:08,0.7,06:22,2.5,12:28,0.5,18:50,2.7
11,Fr,9,2026,01:02,0.6,07:17,2.6,13:19,0.5,19:39,2.8
12,Sa,9,2026,01:52,0.5,08:07,2.7,14:08,0.5,20:25,2.8
13,Su,9,2026,02:38,0.4,08:53,2.7,14:53,0.5,21:09,2.7
14,Mo,9,2026,03:22,0.5,09:37,2.7,15:37,0.5,21:51,2.7
15,Tu,9,2026,04:04,0.5,10:19,2.6,16:20,0.6,22:31,2.6
16,We,9,2026,04:44,0.6,11:01,2.6,17:03,0.7,23:11,2.5
17,Th,9,2026,05:25,0.7,11:43,2.5,17:47,0.8,23:53,2.4
18,Fr,9,2026,06:06,0.8,12:27,2.4,18:35,0.9,,
19,Sa,9,2026,00:37,2.3,06:52,0.9,13:17,2.3,19:27,1.0
20,Su,9,2026,01:26,2.2,07:43,0.9,14:12,2.2,20:24,1.1
21,Mo,9,2026,02:21,2.1,08:42,1.0,15:13,2.2,21:23,1.1
22,Tu,9,2026,03:21,2.1,09:42,1.0,16:11,2.2,22:21,1.0
23,We,9,2026,04:22,2.2,10:40,0.9,17:04,2.3,23:13,0.9
24,Th,9,2026,05:19,2.2,11:31,0.9,17:51,2.4,,
25,Fr,9,2026,00:00,0.9,06:09,2.3,12:16,0.8,18:34,2.5
26,Sa,9,2026,00:45,0.7,06:55,2.4,13:00,0.7,19:15,2.6
27,Su,9,2026,01:27,0.6,08:40,2.5,14:42,0.6,20:57,2.6
28,Mo,9,2026,03:09,0.5,09:23,2.6,15:25,0.6,21:40,2.7
29,Tu,9,2026,03:52,0.4,10:07,2.7,16:10,0.6,22:24,2.7
30,We,9,2026,04:36,0.4,10:53,2.7,16:56,0.6,23:10,2.7
1,Th,10,2026,05:21,0.4,11:40,2.7,17:46,0.6,23:59,2.6
2,Fr,10,2026,06:10,0.5,12:31,2.6,18:39,0.7,,
3,Sa,10,2026,00:51,2.5,07:01,0.5,13:26,2.6,19:37,0.8
4,Su,10,2026,01:48,2.4,07:59,0.6,14:26,2.5,20:41,0.8
5,Mo,10,2026,02:50,2.4,09:02,0.7,15:31,2.5,21:47,0.8
6,Tu,10,2026,03:57,2.3,10:08,0.7,16:37,2.5,22:52,0.8
7,We,10,2026,05:05,2.4,11:14,0.7,17:39,2.5,23:53,0.7
8,Th,10,2026,06:09,2.4,12:14,0.7,18:35,2.6,,
9,Fr,10,2026,00:49,0.6,07:07,2.5,13:09,0.6,19:27,2.6
10,Sa,10,2026,01:41,0.5,07:59,2.6,13:59,0.6,20:14,2.7
11,Su,10,2026,02:28,0.5,08:46,2.6,14:45,0.6,20:58,2.6
12,Mo,10,2026,03:11,0.5,09:30,2.7,15:29,0.6,21:40,2.6
13,Tu,10,2026,03:53,0.5,10:11,2.7,16:11,0.6,22:20,2.6
14,We,10,2026,04:32,0.5,10:51,2.6,16:53,0.7,22:59,2.5
15,Th,10,2026,05:11,0.6,11:30,2.6,17:34,0.8,23:38,2.4
16,Fr,10,2026,05:49,0.7,12:10,2.5,18:17,0.8,,
17,Sa,10,2026,00:19,2.3,06:29,0.8,12:52,2.4,19:02,0.9
18,Su,10,2026,01:02,2.3,07:13,0.8,13:39,2.3,19:51,1.0
19,Mo,10,2026,01:49,2.2,08:01,0.9,14:31,2.3,20:45,1.0
20,Tu,10,2026,02:42,2.1,08:56,1.0,15:26,2.2,21:41,1.0
21,We,10,2026,03:40,2.1,09:55,1.0,16:22,2.3,22:37,1.0
22,Th,10,2026,04:40,2.2,10:53,1.0,17:15,2.3,23:30,0.9
23,Fr,10,2026,05:39,2.2,11:48,0.9,18:05,2.4,,
24,Sa,10,2026,00:20,0.8,06:33,2.3,12:38,0.8,18:52,2.5
25,Su,10,2026,01:07,0.7,07:23,2.5,13:26,0.7,19:39,2.6
26,Mo,10,2026,01:53,0.5,08:11,2.6,14:14,0.6,20:25,2.6
27,Tu,10,2026,02:40,0.4,08:59,2.7,15:01,0.6,21:13,2.7
28,We,10,2026,03:26,0.4,09:46,2.8,15:50,0.5,22:02,2.7
29,Th,10,2026,04:14,0.3,10:35,2.8,16:41,0.5,22:52,2.7
30,Fr,10,2026,05:03,0.4,11:25,2.8,17:34,0.6,23:45,2.6
31,Sa,10,2026,05:53,0.4,12:18,2.7,18:29,0.6,,
1,Su,11,2026,00:39,2.6,06:47,0.5,13:14,2.7,19:28,0.7
2,Mo,11,2026,01:37,2.5,07:44,0.6,14:13,2.6,20:29,0.7
3,Tu,11,2026,02:38,2.4,08:46,0.7,15:14,2.5,21:32,0.7
4,We,11,2026,03:43,2.4,09:50,0.7,16:16,2.5,22:33,0.7
5,Th,11,2026,04:48,2.4,10:53,0.8,17:14,2.5,23:32,0.7
6,Fr,11,2026,05:50,2.4,11:52,0.8,18:09,2.5,,
7,Sa,11,2026,00:26,0.6,06:47,2.5,12:46,0.7,19:00,2.5
8,Su,11,2026,01:15,0.6,07:37,2.5,13:36,0.7,19:47,2.5
9,Mo,11,2026,02:01,0.6,08:24,2.6,14:22,0.7,20:31,2.5
10,Tu,11,2026,02:44,0.6,09:06,2.6,15:06,0.7,21:13,2.5
11,We,11,2026,03:25,0.6,09:47,2.6,15:48,0.7,21:53,2.4
12,Th,11,2026,04:04,0.6,10:25,2.6,16:29,0.8,22:32,2.4
13,Fr,11,2026,04:42,0.6,11:04,2.5,17:09,0.8,23:11,2.4
14,Sa,11,2026,05:20,0.7,11:42,2.5,17:51,0.9,23:51,2.3
15,Su,11,2026,05:59,0.8,12:23,2.4,18:34,0.9,,
16,Mo,11,2026,00:33,2.3,06:40,0.8,13:07,2.4,19:19,0.9
17,Tu,11,2026,01:17,2.2,07:24,0.9,13:53,2.3,20:08,1.0
18,We,11,2026,02:06,2.2,08:13,0.9,14:42,2.3,20:59,1.0
19,Th,11,2026,03:00,2.2,09:07,1.0,15:33,2.3,21:51,0.9
20,Fr,11,2026,03:57,2.2,10:04,1.0,16:25,2.4,22:44,0.9
21,Sa,11,2026,04:57,2.2,11:03,0.9,17:18,2.4,23:37,0.8
22,Su,11,2026,05:55,2.3,11:59,0.9,18:11,2.5,,
23,Mo,11,2026,00:30,0.6,06:51,2.5,12:54,0.8,19:04,2.5
24,Tu,11,2026,01:22,0.5,07:45,2.6,13:47,0.7,19:57,2.6
25,We,11,2026,02:13,0.4,08:36,2.7,14:41,0.6,20:51,2.7
26,Th,11,2026,03:04,0.4,09:28,2.8,15:34,0.6,21:44,2.7
27,Fr,11,2026,03:55,0.3,10:19,2.9,16:28,0.5,22:38,2.7
28,Sa,11,2026,04:47,0.3,11:11,2.9,17:22,0.5,23:32,2.7
29,Su,11,2026,05:39,0.4,12:04,2.8,18:18,0.6,,
30,Mo,11,2026,00:27,2.6,06:32,0.5,12:59,2.8,19:14,0.6
1,Tu,12,2026,01:23,2.5,07:28,0.6,13:54,2.7,20:12,0.7
2,We,12,2026,02:21,2.5,08:25,0.7,14:50,2.6,21:09,0.7
3,Th,12,2026,03:22,2.4,09:25,0.8,15:47,2.5,22:07,0.7
4,Fr,12,2026,04:24,2.4,10:26,0.8,16:43,2.5,23:02,0.7
5,Sa,12,2026,05:25,2.4,11:25,0.9,17:37,2.4,23:56,0.7
6,Su,12,2026,06:21,2.4,12:20,0.9,18:29,2.4,,
7,Mo,12,2026,00:47,0.7,07:13,2.5,13:11,0.9,19:18,2.4
8,Tu,12,2026,01:34,0.7,08:00,2.5,13:59,0.9,20:05,2.4
9,We,12,2026,02:18,0.7,08:43,2.5,14:44,0.8,20:48,2.4
10,Th,12,2026,03:00,0.7,09:24,2.6,15:26,0.8,21:30,2.4
11,Fr,12,2026,03:40,0.7,10:03,2.6,16:07,0.8,22:09,2.4
12,Sa,12,2026,04:18,0.7,10:41,2.5,16:47,0.8,22:48,2.4
13,Su,12,2026,04:55,0.7,11:19,2.5,17:27,0.9,23:27,2.4
14,Mo,12,2026,05:32,0.7,11:57,2.5,18:08,0.9,,
15,Tu,12,2026,00:07,2.3,06:11,0.8,12:37,2.5,18:50,0.9
16,We,12,2026,00:49,2.3,06:52,0.8,13:18,2.4,19:33,0.9
17,Th,12,2026,01:34,2.3,07:36,0.9,14:02,2.4,20:19,0.9
18,Fr,12,2026,02:23,2.3,08:25,0.9,14:50,2.4,21:08,0.8
19,Sa,12,2026,03:18,2.3,09:21,1.0,15:41,2.4,22:01,0.8
20,Su,12,2026,04:18,2.3,10:21,1.0,16:36,2.4,22:57,0.7
21,Mo,12,2026,05:20,2.4,11:24,0.9,17:34,2.5,23:55,0.7
22,Tu,12,2026,06:22,2.5,12:25,0.8,18:34,2.5,,
23,We,12,2026,00:54,0.6,07:20,2.6,13:25,0.7,19:34,2.6
24,Th,12,2026,01:50,0.5,08:17,2.7,14:23,0.6,20:33,2.7
25,Fr,12,2026,02:46,0.4,09:11,2.8,15:19,0.6,21:30,2.7
26,Sa,12,2026,03:39,0.3,10:04,2.9,16:14,0.5,22:25,2.7
27,Su,12,2026,04:31,0.3,10:56,2.9,17:08,0.5,23:18,2.7
28,Mo,12,2026,05:23,0.4,11:47,2.9,18:02,0.5,,
29,Tu,12,2026,00:11,2.7,06:14,0.5,12:39,2.8,18:55,0.5
30,We,12,2026,01:04,2.6,07:07,0.6,13:30,2.7,19:47,0.6
31,Th,12,2026,01:59,2.5,08:00,0.7,14:21,2.6,20:40,0.7
